1;männlich;Zmölnig;Andreas;Erdbergstraße;1030;Wien;Österreich;436761000000;zmölnig.andreas@gmail.com;22.01.2022 00:02
2;weiblich;Kamerhan;Apollonia;Gurkg. 5/13;1140;Wien;Österreich;436761000000;kamerhan.apollonia@gmail.com;22.01.2022 22:13
3;männlich;Chourine;Simon;Forchtenau 9;4971;Aurolzmünster;Österreich;436761000000;chourine.simon@gmail.com;22.01.2022 22:17
4;weiblich;Katzlberger-Laimer;Christine;Hohlweggasse 88;1030;Wien;Österreich;436761000000;katzlberger-laimer.christine@gmail.com;22.01.2022 23:46
5;weiblich;Heikenwälder;Anna;Gottfried Alber Gasse 114;1140;Wien;Österreich;436761000000;heikenwälder.anna@gmail.com;22.01.2022 23:51
6;männlich;Schiller;Lukas;Brünner Bundesstraße 4;2201;Seyring;Österreich;436761000000;schiller.lukas@gmail.com;22.01.2022 23:54
7;weiblich;Burghofer;Cornelia;Waidhofner Str. 95/3/14;3300;Amstetten;Österreich;436761000000;burghofer.cornelia@gmail.com;22.01.2022 23:58
8;weiblich;Nehler;Tine;Traviatag. 13/10;1230;Wien;Österreich;436761000000;nehler.tine@gmail.com;23.01.2022 00:01
9;weiblich;Ehart;Margherita;Gentzgasse 10;1180;Wien;Österreich;436761000000;ehart.margherita@gmail.com;23.01.2022 00:04
10;weiblich;Marinkovic;Virdzinija;Zehenthofg. 16/35/10;1190;Wien;Österreich;436761000000;marinkovic.virdzinija@gmail.com;23.01.2022 17:47
11;weiblich;Langfeld;Stefanie;Esslingg. 46/8/28;1010;Wien;Österreich;436761000000;langfeld.stefanie@gmail.com;23.01.2022 18:54
12;männlich;Träxler;Paul;Altmütterg. 22/4;1090;Wien;Österreich;436761000000;träxler.paul@gmail.com;23.01.2022 19:56
13;weiblich;Hinterndorfer;Susanne;Hetzendorferstraße 55/22;1120;Wien;Österreich;436761000000;hinterndorfer.susanne@gmail.com;23.01.2022 19:58
14;weiblich;Garcia;Susanne;Passauerstr. 68/5;4722;Peuerbach;Österreich;436761000000;garcia.susanne@gmail.com;23.01.2022 20:05
15;weiblich;Eckerstorfer;Aurora;Seb.Brunner-G. 8/7;1130;Wien;Österreich;436761000000;eckerstorfer.aurora@gmail.com;23.01.2022 22:39
16;weiblich;Ebner;Marika;Thelemangasse 9/16;1170;Wien;Österreich;436761000000;ebner.marika@gmail.com;23.01.2022 22:46
17;weiblich;Nymark;Clara;Belvederegasse 4/6;1040;Wien;Österreich;436761000000;nymark.clara@gmail.com;23.01.2022 22:49
18;männlich;Messer;Gerald;Trazerberggasse 13/10;1130;Wien;Österreich;436761000000;messer.gerald@gmail.com;23.01.2022 22:51
19;männlich;Fuchs;Michael;Wienerbergstraße 16/1;1120;Wien;Österreich;436761000000;fuchs.michael@gmail.com;23.01.2022 22:54
20;weiblich;Butcaru;Karoline;Waidhofner Str. 93/8/8;3300;Amstetten;Österreich;436761000000;butcaru.karoline@gmail.com;23.01.2022 23:00
21;männlich;Schönfelder;Hermann;Clementinengasse 28/7;1150;Wien;Österreich;436761000000;schönfelder.hermann@gmail.com;23.01.2022 23:04
22;männlich;Obdrzálek;Marek;Kinderspitalg. 26;1090;Wien;Österreich;436761000000;obdrzálek.marek@gmail.com;23.01.2022 23:07
23;männlich;Marinovic;Tobias;Schanzstraße 88;3390;Melk;Österreich;436761000000;marinovic.tobias@gmail.com;23.01.2022 23:12
24;männlich;Lamparter;Franz;Absberggasse 1;1100;Wien;Österreich;436761000000;lamparter.franz@gmail.com;24.01.2022 00:19
25;männlich;Kuschka;Gerhard;Humboldtplatz 73;1100;Wien;Österreich;436761000000;kuschka.gerhard@gmail.com;27.01.2022 23:44
26;weiblich;Fellner;Jacqueline;Rudolf ReiterStr. 7/6;2540;Bad Vöslau;Österreich;436761000000;fellner.jacqueline@gmail.com;28.01.2022 10:09
27;weiblich;Gellert;Yvonne;Gersthoferstraße 119;1180;Wien;Österreich;436761000000;gellert.yvonne@gmail.com;28.01.2022 10:16
28;männlich;Woda;Richie;Afrikanergasse 6;1020;Wien;Österreich;436761000000;woda.richie@gmail.com;28.01.2022 10:22
29;weiblich;Cernajsek;Odette;Waaggasse 93/8/8;1040;Wien;Österreich;436761000000;cernajsek.odette@gmail.com;28.01.2022 10:25
30;weiblich;Mandl;Dorothea;Dittmanng. 46/18;1110;Wien;Österreich;436761000000;mandl.dorothea@gmail.com;28.01.2022 10:36
31;weiblich;Lagrange;Traude;Eyslerstr. 46/8/28;4600;Wels;Österreich;436761000000;lagrange.traude@gmail.com;28.01.2022 10:46
32;männlich;Schuch;Hermann;Esslingg. 261/3;1010;Wien;Österreich;436761000000;schuch.hermann@gmail.com;28.01.2022 10:50
33;männlich;Enetjan;Til;Schulgasse 8/11;8740;Zeltweg;Österreich;436761000000;enetjan.til@gmail.com;28.01.2022 11:02
34;weiblich;Fally;Momcinovic;Schönlaterngasse 8;1010;Wien;Österreich;436761000000;fally.momcinovic@gmail.com;28.01.2022 11:07
35;weiblich;Ottitsch;Anna;Argentinierstr. 39/13;1040;Wien;Österreich;436761000000;ottitsch.anna@gmail.com;29.01.2022 13:28
36;weiblich;Obdrzalek;Josefine;Aschbachg. 4/12;1238;Wien;Österreich;436761000000;obdrzalek.josefine@gmail.com;29.01.2022 14:27
37;männlich;Beiser;Christoph;Dr. Adolf Schärf Str. 7;3200;St.Pölten;Österreich;436761000000;beiser.christoph@gmail.com;29.01.2022 14:45
38;weiblich;Stein;Evelyn;Martinstraße 15;3400;Klosterneuburg;Österreich;436761000000;stein.evelyn@gmail.com;30.01.2022 14:45
39;männlich;Wendlandt;Jochen;Tivolig. 119/3/19;1120;Wien;Österreich;436761000000;wendlandt.jochen@gmail.com;31.01.2022 14:45
40;männlich;Wenhoda;Werner;Mollardg. 11;1060;Wien;Österreich;436761000000;wenhoda.werner@gmail.com;01.02.2022 14:45
41;männlich;Weihskircher;Peter;Theobaldgasse 103//5;1060;Wien;Österreich;436761000000;weihskircher.peter@gmail.com;02.02.2022 14:45
42;weiblich;Granaas;Josefine;Parkstraße 68/15;3100;St. Pölten;Österreich;436761000000;granaas.josefine@gmail.com;03.02.2022 14:45
43;männlich;Gruber;Ingolf;Theresianumg. 114/1/10;1040;Wien;Österreich;436761000000;gruber.ingolf@gmail.com;04.02.2022 14:45
44;männlich;Zottelhofer;Herbert;Pichlergasse 91;1090;Wien;Österreich;436761000000;zottelhofer.herbert@gmail.com;05.02.2022 14:45
45;weiblich;Rubenser;Madeleine;Zohmanngasse 17/3/17;1100;Wien;Österreich;436761000000;rubenser.madeleine@gmail.com;06.02.2022 14:45
46;weiblich;Holzmann;Stanislava;Hagenmüllerg. 5/28;1030;Wien;Österreich;436761000000;holzmann.stanislava@gmail.com;07.02.2022 14:45
47;weiblich;Josipa;Barbara;Gurkg. 5/13;1140;Wien;Österreich;436761000000;josipa.barbara@gmail.com;08.02.2022 14:45
48;männlich;Obdrzálek;Marek;Klosterstraße 25;2362;Biedermannsdorf;Österreich;436761000000;obdrzálek.marek@gmail.com;09.02.2022 14:45
49;männlich;Pilz;Hans Christian;Altmütterg. 30/30;1090;Wien;Österreich;436761000000;pilz.hans christian@gmail.com;10.02.2022 14:45
50;weiblich;Hofstötter;Birgit;Herzgasse 89;1100;Wien;Österreich;436761000000;hofstötter.birgit@gmail.com;11.02.2022 14:45
51;weiblich;Lachtner;Wilhelmine;Geusaugassea 5/13;1030;Wien;Österreich;436761000000;lachtner.wilhelmine@gmail.com;12.02.2022 14:45
52;männlich;Marinovic;Tobias;Preiseckergasse 25;3420;Kritzendorf;Österreich;436761000000;marinovic.tobias@gmail.com;13.02.2022 14:45
53;weiblich;Stockner-Thanheuser;Michaela;Webg. 15/2/7;1060;Wien;Österreich;436761000000;stockner-thanheuser.michaela@gmail.com;14.02.2022 14:45
54;weiblich;Eckerstorfer;Katja;Spittelbreitengasse 81/8;1120;Wien;Österreich;436761000000;eckerstorfer.katja@gmail.com;15.02.2022 14:45
55;männlich;Svirac;Paul;Keilg. 25/15;1030;Wien;Österreich;436761000000;svirac.paul@gmail.com;16.02.2022 14:45
56;weiblich;Lauw;Sigrid;Erdbergstr. 46/5/7;1030;Wien;Österreich;436761000000;lauw.sigrid@gmail.com;17.02.2022 14:45
57;männlich;Leibinger;Peter;Hüttelbergstraße 68;1140;Wien;Österreich;436761000000;leibinger.peter@gmail.com;18.02.2022 14:45
58;weiblich;Ratz;Ines;Langg. 24;6830;Rankweil;Österreich;436761000000;ratz.ines@gmail.com;19.02.2022 14:45
59;weiblich;Handwerk;Gudrun;Mannagettagasse 60-64/1/12;2340;Mödling;Österreich;436761000000;handwerk.gudrun@gmail.com;20.02.2022 14:45
60;weiblich;Bogonslavskaia;Roswitha;Walzengasse 101/5/5;2380;Perchtoldsdorf;Österreich;436761000000;bogonslavskaia.roswitha@gmail.com;21.02.2022 14:45
61;weiblich;Rafael Androwitsch;Marina Elisabeth;Sverigestraße 103//5;1220;Wien;Österreich;436761000000;rafaelandrowitsch.marinaelisabeth@gmail.com;22.02.2022 14:45
62;weiblich;Dr. Polivnick;Johanna;A. Hofer Str. 3/4/7;2345;Brunn am Gebirge;Österreich;436761000000;dr. polivnick.johanna@gmail.com;23.02.2022 14:45
63;weiblich;Peham;Kora;Anton Langer Gasse 39/13;1130;Wien;Österreich;436761000000;peham.kora@gmail.com;24.02.2022 14:45
64;männlich;Haas;Herbert;Dorotheergasse 6;1010;Wien;Österreich;436761000000;haas.herbert@gmail.com;25.02.2022 14:45
65;männlich;Reithner;Franz;Lassallestr. 22;1020;Wien;Österreich;436761000000;reithner.franz@gmail.com;26.02.2022 14:45
66;männlich;Weinert;Martin;Meidlinger Hauptstraße 11;1120;Wien;Österreich;436761000000;weinert.martin@gmail.com;27.02.2022 14:45
67;weiblich;Sücs;Alexandra;Hetzendorferstraße 25/2;1120;Wien;Österreich;436761000000;sücs.alexandra@gmail.com;28.02.2022 14:45
68;männlich;Biener;Christof;Engerthstraße 8;1200;Wien;Österreich;436761000000;biener.christof@gmail.com;01.03.2022 14:45
69;männlich;Fellermann;Lourenco César;Rudolf Zellergasse 72/5/11;1230;Wien;Österreich;436761000000;fellermann.lourencocésar@gmail.com;02.03.2022 14:45
70;männlich;Puhrer;Jonas;Keilg. 3/4;1030;Wien;Österreich;436761000000;puhrer.jonas@gmail.com;03.03.2022 14:45
71;männlich;Skorpis;Manfred;Loudonstraße 18;1140;Wien;Österreich;436761000000;skorpis.manfred@gmail.com;04.03.2022 14:45
72;männlich;Simhandl;Josef;Lochaustr. 21;3382;Loosdorf;Österreich;436761000000;simhandl.josef@gmail.com;05.03.2022 14:45
73;weiblich;Arnold;Janine;Alszeile 6;1170;Wien;Österreich;436761000000;arnold.janine@gmail.com;06.03.2022 14:45
74;weiblich;Peham;Edita;Amalienstraße 36/2/12;1130;Wien;Österreich;436761000000;peham.edita@gmail.com;07.03.2022 14:45
75;weiblich;Kranzler;Elisabeth;Waidhausenstr. 132/3;1140;Wien;Österreich;436761000000;kranzler.elisabeth@gmail.com;08.03.2022 14:45
76;männlich;Leibinger;Peter;Kärntnerstraße 35;1010;Wien;Österreich;436761000000;leibinger.peter@gmail.com;09.03.2022 14:45
77;männlich;Lötsch;Günther;Kärntnerstraße 33;1010;Wien;Österreich;436761000000;lötsch.günther@gmail.com;10.03.2022 14:45
78;männlich;Wollein;Hannes;Reisnerstr. 2/3;1030;Wien;Österreich;436761000000;wollein.hannes@gmail.com;11.03.2022 14:45
79;weiblich;Bauer;Agata;Widerhoferplatz 20;1090;Wien;Österreich;436761000000;bauer.agata@gmail.com;12.03.2022 14:45
80;männlich;Dankl;Johannes;FranzSchuh.Gasse 9;1100;Wien;Österreich;436761000000;dankl.johannes@gmail.com;13.03.2022 14:45
81;männlich;Warkenthin;Geri;Wallgasse 2/8;1060;Wien;Österreich;436761000000;warkenthin.geri@gmail.com;14.03.2022 14:45
82;männlich;Leshem;Markus;Zwettlerstraße 19/31;3920;Groß-Gerungs;Österreich;436761000000;leshem.markus@gmail.com;15.03.2022 14:45
83;männlich;Vafaikish;Turadj;Burggasse 4;1070;Wien;Österreich;436761000000;vafaikish.turadj@gmail.com;16.03.2022 14:45
84;männlich;Skorpis;Manfred;Lugeck 16;1010;Wien;Österreich;436761000000;skorpis.manfred@gmail.com;17.03.2022 14:45
85;weiblich;Berndorfer;Marta;Währinger Gürtel 13/5;1180;Wien;Österreich;436761000000;berndorfer.marta@gmail.com;18.03.2022 14:45
86;weiblich;Butunoi;Gabriella;Burgring 3;1010;Wien;Österreich;436761000000;butunoi.gabriella@gmail.com;19.03.2022 14:45
87;weiblich;Csepela;Cordelia;Untere Viaduktg. 9/2/28;1030;Wien;Österreich;436761000000;csepela.cordelia@gmail.com;20.03.2022 14:45
88;weiblich;Franke;Gudrun;Pfeilgasse 7/5;1080;Wien;Österreich;436761000000;franke.gudrun@gmail.com;21.03.2022 14:45
89;männlich;Müller;Heidrun;Ketzergasse 29;2380;Perchtoldsdorf;Österreich;436761000000;müller.heidrun@gmail.com;22.03.2022 14:45
90;weiblich;Ren;Elke;Spittelbreitengasse 3/3/2;1120;Wien;Österreich;436761000000;ren.elke@gmail.com;23.03.2022 14:45
91;weiblich;Hinterndorfer;Elisabeth;Leonard Bernsteinstr. 6/18;1220;Wien;Österreich;436761000000;hinterndorfer.elisabeth@gmail.com;24.03.2022 14:45
92;männlich;Helfert;Erich;Am Kaisermühlendamm 6;1220;Wien;Österreich;436761000000;helfert.erich@gmail.com;25.03.2022 14:45
93;weiblich;Finatti;Luise;Reisnerstr. 7/5;1030;Wien;Österreich;436761000000;finatti.luise@gmail.com;26.03.2022 14:45
94;männlich;Gindl;Horst;Glockenblumengasse 114;1220;Wien;Österreich;436761000000;gindl.horst@gmail.com;27.03.2022 14:45
95;weiblich;Donhoffer;Anna;Traungauergasse 9/16;8020;Graz;Österreich;436761000000;donhoffer.anna@gmail.com;28.03.2022 14:45
96;männlich;Peter;Wolfgang;Kurzbauergasse 24;1020;Wien;Österreich;436761000000;peter.wolfgang@gmail.com;29.03.2022 14:45
97;weiblich;Köksal;Elif;Daringergasse a 2;1190;Wien;Österreich;436761000000;köksal.elif@gmail.com;30.03.2022 14:45
98;weiblich;Hinterndorfer;Michaela;Hummelg. 57/3/3;1130;Wien;Österreich;436761000000;hinterndorfer.michaela@gmail.com;31.03.2022 14:45
99;weiblich;Nikrang-Mofrad;Linde;Blechturmgasse 44/6;1040;Wien;Österreich;436761000000;nikrang-mofrad.linde@gmail.com;01.04.2022 14:45
100;männlich;Pany;Peter;Konsumstraße 25;2331;Vösendorf;Österreich;436761000000;pany.peter@gmail.com;02.04.2022 14:45
101;weiblich;Huber;Astrid;Hackhofergasse 5/2;1190;Wien;Österreich;436761000000;huber.astrid@gmail.com;03.04.2022 14:45
102;weiblich;Massenbauer;Helga;Clementinengasse 46/18;1150;Wien;Österreich;436761000000;massenbauer.helga@gmail.com;04.04.2022 14:45
103;weiblich;Schiff;Elke;Leonard Bernsteinstr. 3/1/13;1220;Wien;Österreich;436761000000;schiff.elke@gmail.com;05.04.2022 14:45
104;weiblich;Bugl;Gusti;Wallgasse 97/1/3;1060;Wien;Österreich;436761000000;bugl.gusti@gmail.com;06.04.2022 14:45
105;weiblich;Thometits;Sharon;Burggasse 4;1070;Wien;Österreich;436761000000;thometits.sharon@gmail.com;07.04.2022 14:45
106;männlich;Dorner;Herbert;Frauentorg. 10;3430;Tulln;Österreich;436761000000;dorner.herbert@gmail.com;08.04.2022 14:45
107;männlich;Schuh;Detlef;Sternwartestraße 10/14;1180;Wien;Österreich;436761000000;schuh.detlef@gmail.com;09.04.2022 14:45
108;männlich;Säumig;Ronald;Spießhammerg. 1/5;1120;Wien;Österreich;436761000000;säumig.ronald@gmail.com;10.04.2022 14:45
109;männlich;Neumann;Helmut;Simmeringer Hauptstraße 1/33;1110;Wien;Österreich;436761000000;neumann.helmut@gmail.com;11.04.2022 14:45
112;weiblich;Alma;Anna;Petofi 5;1536;Wien;Argentina;36309159287;alma@gmail.com
